<?xml version="1.0" encoding="UTF-8"?>
<beans xmlns="http://www.springframework.org/schema/beans"
	xmlns:xsi="http://www.w3.org/2001/XMLSchema-instance"
	xsi:schemaLocation="http://www.springframework.org/schema/beans http://www.springframework.org/schema/beans/spring-beans.xsd">

	<!-- <bean id="fuelTank" class="com.nbf.beans.FuelTank">
		<property name="fuelType" value="diesel" />
		<property name="capacity" value="25" />
	</bean> -->

	<bean id="motor" class="com.nbf.beans.Motor">
		<property name="serialNo" value="93898900339" />
		<property name="fuelTank" ref="fuelTank" />
	</bean>
</beans>
